{"name":"TITAN Forms: Manage Versions With Git","title":"Form Title","description":"","new_editor":true,"show_title_description":true,"showHeader":false,"showFooter":false,"lang":1,"columns":1,"status":true,"template":0,"limits":0,"fldIndex":81,"captcha":false,"IpTracking":true,"post_data_url":"","send_mail":false,"elements":[[{"properties":{"label":{"title":"Label","type":"text","value":"Section","isHidden":{"top":false,"left":true,"right":true,"bottom":true}},"columns":{"type":"select","title":"Columns","value":2,"options":[1,2,3,4]},"section_rows":{"type":"select","title":"Rows","value":1,"options":[1,2,3,4,5,6,7,8,9,10]},"elements":{"hide":true,"value":[[[{"properties":{"image":{"title":"Default image","type":"imageupload","value":"","src":"https://d3255hq6rclyj1.cloudfront.net/2c5a89d925ccaa4bd7d96cabd2cf7891.jpg","width":870,"height":191,"hide":true},"_url":{"title":"Image HREF","type":"text","value":""},"_target":{"title":"HREF target","type":"select","value":"_self","options":["_blank","_parent","_self","_top"]},"showImageGallery":{"value":true},"width":{"title":"Width","value":null,"type":"text"},"height":{"title":"Height","value":null,"type":"text"},"rotation":{"title":"Rotation","value":0,"min":0,"step":1,"max":360},"img_tooltip":{"title":"Image Tip","type":"text","value":""},"align":{"title":"Image align","type":"select","value":"auto","options":["auto","left","center","right"]},"valuerule":{"value":true},"condition":{"value":true},"field_id":{"value":true,"id":"fld17"},"use_for_pdf":{"title":"Use for PDF","value":false},"keep_aspect_ratio":{"title":"Keep aspect ratio","value":false},"isSetOrder":true,"subIndex":1,"styles":{"Container-1548338833428-798-16":{"options":{"top":21,"left":248,"width":150,"taborder":17},"container":{}},"Image-1548338833428-798-16":{"element":{"font-family":"Verdana, Geneva, sans-serif","font-size":"16px","color":"rgba(97,97,97,1)","padding-left":"px","size":"custom","width":"232.97727272727275px","height":"51px","background-color":"","padding-top":"0px","padding-bottom":"0px","padding-right":"0px"},"container":{},"options":{"widthUnit":"px","heightUnit":"px"},"type":"GeneralElement"}},"onclick_action":{"title":"On click action","type":"checkbox","value":false}},"isNew":true,"uid":"1548338833428-798-16","visible":"show","FieldTypeID":23,"FieldTypeName":"Image","FieldTypeDescription":"image for esthetic purposes","FieldTypeIsDataContainer":0,"FieldTypeIsForForm":1,"FieldTypeIsForReport":1,"FieldTypeConditionType":null,"FieldTypeIsBasic":0,"FieldTypeOrder":11,"FieldTypeIsLabelAssociated":0,"FieldTypeFormBuilderType":0,"FieldTypeReportBuilderType":0,"row":10,"storedSize":{"styles":{"width":233,"height":51}},"className":"Image-1548338833428-798-16","classUID":"1548338833428-798-16","parentSectionUID":"1548338795584-953-15","hidePreview":false},{"properties":{"default":{"title":"Text","type":"text","value":"&"},"field_id":{"value":true,"id":"fld18"},"isSetOrder":true,"subIndex":1,"styles":{"Label-1548338877312-201-17":{"element":{"font-family":"Verdana, Geneva, sans-serif","font-size":"30px","color":"rgba(0,0,0,1)","size":"custom"},"container":{},"options":{"font-size":30,"fontUnit":"px","font":{"unit":"px"}},"type":"GeneralElement"},"Container-1548338877312-201-17":{"options":{"top":27,"left":503,"width":133,"taborder":18},"container":{}}},"user_tip":{"title":"User tip","type":"text","value":""},"autofocus":{"title":"Auto Focus","type":"checkbox","value":false},"force_LTR":{"title":"Force LTR text","type":"checkbox","value":false}},"isNew":true,"uid":"1548338877312-201-17","visible":"show","FieldTypeID":1,"FieldTypeName":"Label","FieldTypeDescription":"short text for description","FieldTypeIsDataContainer":0,"FieldTypeIsForForm":1,"FieldTypeIsForReport":1,"FieldTypeConditionType":null,"FieldTypeIsBasic":1,"FieldTypeOrder":1,"FieldTypeIsLabelAssociated":0,"FieldTypeFormBuilderType":0,"FieldTypeReportBuilderType":0,"row":10,"storedSize":{"styles":{"width":22,"height":42}},"parentSectionUID":"1548338795584-953-15","className":"Label-1548338877312-201-17","classUID":"1548338877312-201-17","hidePreview":false},{"properties":{"image":{"title":"Default image","type":"imageupload","value":"","src":"https://d3255hq6rclyj1.cloudfront.net/29939a1f75ccb098ef24eb5e8ecec04c.png","width":323,"height":229,"hide":true},"_url":{"title":"Image HREF","type":"text","value":""},"_target":{"title":"HREF target","type":"select","value":"_self","options":["_blank","_parent","_self","_top"]},"showImageGallery":{"value":true},"width":{"title":"Width","value":null,"type":"text"},"height":{"title":"Height","value":null,"type":"text"},"rotation":{"title":"Rotation","value":0,"min":0,"step":1,"max":360},"img_tooltip":{"title":"Image Tip","type":"text","value":""},"align":{"title":"Image align","type":"select","value":"auto","options":["auto","left","center","right"]},"valuerule":{"value":true},"condition":{"value":true},"field_id":{"value":true,"id":"fld19"},"use_for_pdf":{"title":"Use for PDF","value":false},"keep_aspect_ratio":{"title":"Keep aspect ratio","value":false},"isSetOrder":true,"subIndex":1,"styles":{"Container-1548338921348-515-18":{"options":{"top":12,"left":539,"width":150,"taborder":19},"container":{}},"Image-1548338921348-515-18":{"element":{"font-family":"Verdana, Geneva, sans-serif","font-size":"16px","color":"rgba(97,97,97,1)","padding-left":"px","size":"custom","width":"100px","height":"71px","padding-top":"0px","padding-bottom":"0px","padding-right":"0px","background":"#aN"},"container":{},"options":{"widthUnit":"px","heightUnit":"px"},"type":"GeneralElement"}},"onclick_action":{"title":"On click action","type":"checkbox","value":false}},"isNew":true,"uid":"1548338921348-515-18","visible":"show","FieldTypeID":23,"FieldTypeName":"Image","FieldTypeDescription":"image for esthetic purposes","FieldTypeIsDataContainer":0,"FieldTypeIsForForm":1,"FieldTypeIsForReport":1,"FieldTypeConditionType":null,"FieldTypeIsBasic":0,"FieldTypeOrder":11,"FieldTypeIsLabelAssociated":0,"FieldTypeFormBuilderType":0,"FieldTypeReportBuilderType":0,"row":10,"storedSize":{"styles":{"width":100,"height":71}},"className":"Image-1548338921348-515-18","classUID":"1548338921348-515-18","parentSectionUID":"1548338795584-953-15","hidePreview":false},{"properties":{"default":{"title":"Text","type":"text","value":"TITAN Forms: Manage Versions With Git"},"field_id":{"value":true,"id":"fld20"},"isSetOrder":true,"subIndex":1,"styles":{"Label-1548339010144-354-19":{"element":{"font-family":"Verdana, Geneva, sans-serif","font-size":"26px","color":"rgb(55,159,191)","size":"custom","text-decoration":"underline","font-weight":"bold !important"},"container":{},"options":{"font-size":26,"fontUnit":"px","font":{"unit":"px"},"text-decoration":true,"fontWeightBold":true},"type":"GeneralElement"},"Container-1548339010144-354-19":{"options":{"top":94,"left":202,"width":133,"taborder":20},"container":{}}},"user_tip":{"title":"User tip","type":"text","value":""},"autofocus":{"title":"Auto Focus","type":"checkbox","value":false},"force_LTR":{"title":"Force LTR text","type":"checkbox","value":false}},"isNew":true,"uid":"1548339010144-354-19","visible":"show","FieldTypeID":1,"FieldTypeName":"Label","FieldTypeDescription":"short text for description","FieldTypeIsDataContainer":0,"FieldTypeIsForForm":1,"FieldTypeIsForReport":1,"FieldTypeConditionType":null,"FieldTypeIsBasic":1,"FieldTypeOrder":1,"FieldTypeIsLabelAssociated":0,"FieldTypeFormBuilderType":0,"FieldTypeReportBuilderType":0,"row":10,"storedSize":{"styles":{"width":588,"height":37}},"parentSectionUID":"1548338795584-953-15","className":"Label-1548339010144-354-19","classUID":"1548339010144-354-19","hidePreview":false}],[]]]},"repeat":{"title":"Repeated","type":"checkbox","value":false,"origin":true},"enable_tabs":{"title":"Enable Tabs","type":"checkbox","items":[],"value":false},"enable_collapse":{"title":"Enable Collapse","type":"checkbox","label":"Open section","expand":"+","collapse":"-","items":[],"value":false},"AddButtonText":{"title":"Add Button Text","type":"text","value":"Add"},"RemoveButtonText":{"title":"Remove Button Text","type":"text","value":"Remove"},"field_id":{"value":true,"id":"fld16"},"num_of_display":{"title":"Num of visible items","type":"text","value":1},"num_of_max_items":{"title":"Max items","type":"text","value":0},"space_between_sections":{"title":"Repeat margin","type":"number","value":30},"populate_items_tabs":{"title":"Populate items","type":"checkbox","items":[],"value":false},"show_item_number":{"title":"Show item number","type":"checkbox","items":[],"value":false},"show_label":{"title":"Show label","type":"checkbox","items":[],"value":false},"show_remove_last":{"title":"Show remove for last","type":"checkbox","items":[],"value":false},"update_origin_data":{"title":"Repeat with mapped data","type":"checkbox","items":[],"value":false},"infinite_scroll_mode":{"title":"Infinite scroll mode","type":"checkbox","items":[],"value":false},"overflow_scroll":{"title":"Overflow - scroll","type":"checkbox","value":false},"isSetOrder":true,"subIndex":1,"styles":{"Container-1548338795584-953-15":{"options":{"top":0,"left":0,"width":200,"taborder":16},"container":{"background-color":"rgba(240,240,240,0)","width":"1000px","size":"custom","height":"147px","background":"rgba(240,240,240,0)"},"element":{"width":"200px","height":"200px","size":"custom","background-color":"rgba(240,240,240,0)"}}},"page":1,"auto_size":{"title":"Auto-Sizing","type":"checkbox","value":false},"collapse_by_default":{"title":"Collapse by default","type":"checkbox","value":false},"force_LTR_label":{"title":"Force LTR text","type":"checkbox","value":false},"conditional_size":{"title":"Conditional size","type":"checkbox","value":false},"break_by":{"title":"Break by","type":"checkbox","value":false},"break_by_label":{"title":"Use Label of break by from","type":"checkbox","value":false},"section_map_tab_name":{"title":"Map Tab name to","type":"checkbox","value":false},"half_view":{"title":"Half view","type":"checkbox","value":false}},"isNew":true,"uid":"1548338795584-953-15","visible":"show","FieldTypeID":29,"FieldTypeName":"Section","FieldTypeDescription":"like what we did + it got label, dont got mandatory..","FieldTypeIsDataContainer":0,"FieldTypeIsForForm":1,"FieldTypeIsForReport":0,"FieldTypeConditionType":null,"FieldTypeIsBasic":0,"FieldTypeOrder":11,"FieldTypeIsLabelAssociated":0,"FieldTypeFormBuilderType":1,"FieldTypeReportBuilderType":1,"row":10,"storedSize":{"styles":{"width":1000,"height":147}},"hidePreview":false,"className":"Section-1548338795584-953-15"},{"properties":{"placeholder_field":{"title":"Placeholder","value":"","type":"text"},"fieldtype":"list","label":{"title":"Label","type":"text","value":"DropDown","isHidden":{"top":false,"left":true,"right":true,"bottom":true}},"list":{"title":"Options","type":"listbox","items":[{"value":"First Choice","label":"First Choice","state":false},{"value":"Second Choice","label":"Second Choice","state":false},{"value":"Third Choice","label":"Third Choice","state":false}]},"is_random":{"title":"Randomize","type":"checkbox","value":false},"is_autocomplete":{"title":"Autocomplete","type":"checkbox","value":true},"is_mandatory":{"title":"Mandatory","type":"checkbox","value":false},"other":{"title":"Other","type":"checkbox","value":false},"add_other_dropdown":{"title":"Add Other","action":"add_other","label":"Other","textBoxValue":"","type":"checkbox","value":true,"showInput":false},"user_tip":{"title":"User tip","type":"text","value":""},"add_list_header":{"title":"Add list Header","action":"add_list_header","textbox_value":"Please Choose","type":"checkbox","value":false},"show_search_box":{"title":"Show search box","type":"checkbox","value":false},"import_load":{"title":"Import List","type":"button","value":false},"label_align":{"title":"Label align","type":"select","value":"auto","options":["auto","left","center","right"]},"hide_label":{"title":"Hide Label","type":"checkbox","value":false,"keys":{"label":true,"label_align":true}},"default":{"id":"dropdown","hide":true,"data":true},"ather_options":{"value":"","selected":false,"title":"Ather"},"dropdown":{"hide":true},"align":{"title":"ListBox align","type":"select","value":"auto","options":["auto","left","center","right"]},"admin_field_only":{"title":"Admin Field","type":"checkbox","value":false},"unique_value":{"title":"Unique value","type":"checkbox","value":false},"valuerule":{"value":true},"condition":{"value":true},"multiple":{"title":"Multiple selection","type":"checkbox","value":false},"dependent":{"title":"Dependent picklist","type":"checkbox","value":false},"navigation_mode":{"title":"Pagebreak navigation mode","type":"checkbox","value":false},"field_id":{"value":true,"id":"fld28"},"disallow_dynamic_items":{"title":"Disallow dynamic items","type":"checkbox","value":false},"load_custom_list":{"title":"Load Custom List","type":"checkbox","value":false},"listType":"simple","autofocus":{"title":"Auto Focus","type":"checkbox","value":false},"isSetOrder":true,"subIndex":1,"styles":{"Container-1555003712221-169-27":{"options":{"top":153,"left":0,"taborder":28},"container":{}}},"page":1},"isNew":true,"uid":"1555003712221-169-27","visible":"show","row":1,"hidePreview":false,"className":"undefined-1555003712221-169-27","classUID":"1555003712221-169-27","storedSize":{"styles":{"width":0,"height":0}}},{"properties":{"placeholder_field":{"title":"Placeholder","value":"","type":"text"},"fieldtype":"list","label":{"title":"Label","type":"text","value":"DropDown","isHidden":{"top":false,"left":true,"right":true,"bottom":true}},"list":{"title":"Options","type":"listbox","items":[{"value":"First Choice","label":"First Choice","state":false},{"value":"Second Choice","label":"Second Choice","state":false},{"value":"Third Choice","label":"Third Choice","state":false}]},"is_random":{"title":"Randomize","type":"checkbox","value":false},"is_autocomplete":{"title":"Autocomplete","type":"checkbox","value":true},"is_mandatory":{"title":"Mandatory","type":"checkbox","value":false},"other":{"title":"Other","type":"checkbox","value":false},"add_other_dropdown":{"title":"Add Other","action":"add_other","label":"Other","textBoxValue":"","type":"checkbox","value":true,"showInput":false},"user_tip":{"title":"User tip","type":"text","value":""},"add_list_header":{"title":"Add list Header","action":"add_list_header","textbox_value":"Please Choose","type":"checkbox","value":false},"show_search_box":{"title":"Show search box","type":"checkbox","value":false},"import_load":{"title":"Import List","type":"button","value":false},"label_align":{"title":"Label align","type":"select","value":"auto","options":["auto","left","center","right"]},"hide_label":{"title":"Hide Label","type":"checkbox","value":false,"keys":{"label":true,"label_align":true}},"default":{"id":"dropdown","hide":true,"data":true},"ather_options":{"value":"","selected":false,"title":"Ather"},"dropdown":{"hide":true},"align":{"title":"ListBox align","type":"select","value":"auto","options":["auto","left","center","right"]},"admin_field_only":{"title":"Admin Field","type":"checkbox","value":false},"unique_value":{"title":"Unique value","type":"checkbox","value":false},"valuerule":{"value":true},"condition":{"value":true},"multiple":{"title":"Multiple selection","type":"checkbox","value":false},"dependent":{"title":"Dependent picklist","type":"checkbox","value":false},"navigation_mode":{"title":"Pagebreak navigation mode","type":"checkbox","value":false},"field_id":{"value":true,"id":"fld29"},"disallow_dynamic_items":{"title":"Disallow dynamic items","type":"checkbox","value":false},"load_custom_list":{"title":"Load Custom List","type":"checkbox","value":false},"listType":"simple","autofocus":{"title":"Auto Focus","type":"checkbox","value":false},"isSetOrder":true,"subIndex":1,"styles":{"Container-1555003714391-14-28":{"options":{"top":159,"left":0,"taborder":29},"container":{}}},"page":1},"isNew":true,"uid":"1555003714391-14-28","visible":"show","row":2,"hidePreview":false,"className":"undefined-1555003714391-14-28","classUID":"1555003714391-14-28","storedSize":{"styles":{"width":0,"height":0}}},{"properties":{"fieldtype":"string","label":{"title":"Label","type":"text","value":"Textbox","isHidden":{"top":false,"left":true,"right":true,"bottom":true}},"placeholder_field":{"title":"Placeholder","type":"text","value":""},"default":{"id":"textbox","title":"Default value","type":"text","value":"","data":true,"hide":false},"placeholder":{"value":"","check":true},"is_mandatory":{"title":"Mandatory","type":"checkbox","value":false},"user_tip":{"title":"User tip","type":"text","value":""},"admin_field_only":{"title":"Admin Field","type":"checkbox","value":false},"unique_value":{"title":"Unique value","type":"checkbox","value":false},"limit_chars":{"title":"Maximum Length","type":"text"},"valuerule":{"value":true},"condition":{"value":true},"size":{"value":"large","hide":true},"field_id":{"title":"Field ID","value":true,"id":"fld79"},"mask":{"title":"Field mask","type":"text","value":""},"use_mask_value":{"title":"Use mask value","type":"checkbox","value":false},"clear_mask_placeholder":{"title":"Auto clear placeholder","type":"checkbox","value":false},"autofocus":{"title":"Auto Focus","type":"checkbox","value":false},"password_mode":{"title":"Password mode","type":"checkbox","value":false},"numeric_keyboard":{"title":"Numeric keyboard","type":"checkbox","value":false},"decode_special_chars":{"title":"Decode special chars","type":"checkbox","value":false},"isSetOrder":true,"page":1,"subIndex":1,"styles":{"Container-1621886187670-285-78":{"options":{"top":197,"left":357,"width":250,"taborder":79},"container":{}}},"enabledFloatingLabel":false},"isNew":true,"uid":"1621886187670-285-78","visible":"show","FieldTypeID":2,"FieldTypeName":"Textbox","FieldTypeDescription":"input box for entering alphanumeric data","FieldTypeIsDataContainer":1,"FieldTypeIsForForm":1,"FieldTypeIsForReport":0,"FieldTypeConditionType":1,"FieldTypeIsBasic":1,"FieldTypeOrder":3,"FieldTypeIsLabelAssociated":1,"FieldTypeFormBuilderType":0,"FieldTypeReportBuilderType":null,"row":3,"storedSize":{"styles":{"width":250,"height":88}},"hidePreview":false,"className":"Textbox-1621886187670-285-78","classUID":"1621886187670-285-78"},{"properties":{"fieldtype":"string","label":{"title":"Label","type":"text","value":"TextArea","isHidden":{"top":false,"left":true,"right":true,"bottom":true}},"width":{"title":"Width","type":"text","value":"10","hide":true},"height":{"title":"Height","type":"text","value":"10","hide":true},"default":{"id":"textarea","title":"Default value","type":"text","value":"","data":true,"hide":false},"placeholder_field":{"title":"Placeholder","type":"text","value":""},"is_mandatory":{"title":"Mandatory","type":"checkbox","value":false},"user_tip":{"title":"User tip","type":"text","value":""},"admin_field_only":{"title":"Admin Field","type":"checkbox","value":false},"unique_value":{"title":"Unique value","type":"checkbox","value":false},"limit_chars":{"title":"Maximum Length","type":"text"},"valuerule":{"value":true},"condition":{"value":true},"field_id":{"value":true,"id":"fld80"},"autofocus":{"title":"Auto Focus","type":"checkbox","value":false},"decode_special_chars":{"title":"Decode special chars","type":"checkbox","value":false},"isSetOrder":true,"page":1,"subIndex":1,"styles":{"Container-1621886192115-478-79":{"options":{"top":290,"left":357,"width":250,"taborder":80},"container":{}}},"enabledFloatingLabel":false},"isNew":true,"uid":"1621886192115-478-79","visible":"show","FieldTypeID":3,"FieldTypeName":"TextArea","FieldTypeDescription":"multi-line input box for entering a larger amount of data","FieldTypeIsDataContainer":1,"FieldTypeIsForForm":1,"FieldTypeIsForReport":0,"FieldTypeConditionType":1,"FieldTypeIsBasic":1,"FieldTypeOrder":5,"FieldTypeIsLabelAssociated":1,"FieldTypeFormBuilderType":0,"FieldTypeReportBuilderType":null,"row":4,"storedSize":{"styles":{"width":250,"height":148}},"hidePreview":false,"className":"TextArea-1621886192115-478-79","classUID":"1621886192115-478-79"},{"properties":{"type":{"title":"Button Type:","type":"select","value":"Salesforce Action","options":["submit","reset","print","draft","dummy","Salesforce Action","Visual Composer","Go Prev","Go Next","Go to page","Reset signature","Modal signature","Condition","SmartV Logout","Redirect","SSO Logout","XML Parser","Twilio","Close Twilio","Refresh Location","Barcode Scanner"]},"align":{"title":"Button align","type":"select","value":"auto","options":["auto","left","center","right"]},"user_tip":{"title":"User tip","type":"text","value":""},"img_btn_url":{"title":"Choose BackGround Image","type":"imageBackground","value":"","src":""},"default":{"title":"Button text","type":"text","value":"Next"},"admin_field_only":{"title":"Admin Field","type":"checkbox","value":false},"unique_value":{"title":"Unique value","type":"checkbox","value":false},"confirmation_mode":{"title":"Confirmation mode","type":"checkbox","value":false},"onclick_action":{"title":"On click action","type":"checkbox","value":false},"prop_disabled":{"value":true},"field_id":{"value":true,"id":"fld81"},"isSetOrder":true,"page":1,"subIndex":1,"styles":{"Container-1621886203082-250-80":{"options":{"top":458,"left":357,"width":250,"taborder":81},"container":{}},"Button-1621886203082-250-80":{"element":{"font-family":"Verdana, Geneva, sans-serif","font-size":"16px","color":"rgba(97,97,97,1)","size":"custom","width":"250px","height":"40px","border-style":"solid","border-width":"1px","border-color":"rgba(184,178,178,1)","border-radius":"6px"},"container":{},"options":{"font-size":"16","fontUnit":"px","font":{"unit":"px"},"widthUnit":"px","heightUnit":"px"},"type":"GeneralElement","label":{}}}},"isNew":true,"uid":"1621886203082-250-80","visible":"show","FieldTypeID":20,"FieldTypeName":"Button","FieldTypeDescription":"a press-able item for submitting the form, clearing it or printing","FieldTypeIsDataContainer":0,"FieldTypeIsForForm":1,"FieldTypeIsForReport":0,"FieldTypeConditionType":null,"FieldTypeIsBasic":0,"FieldTypeOrder":14,"FieldTypeIsLabelAssociated":0,"FieldTypeFormBuilderType":0,"FieldTypeReportBuilderType":null,"subtype":"CustomButton","row":5,"storedSize":{"styles":{"width":250,"height":40}},"className":"Button-1621886203082-250-80","classUID":"1621886203082-250-80","hidePreview":false},{"properties":{"label":{"title":"Label","type":"text","value":"Page","isHidden":{"top":false,"left":true,"right":true,"bottom":true}},"pager_text":{"title":"Pager text","type":"text","value":"Page"},"back_button":{"title":"Back button","type":"text","value":"Back"},"next_button":{"title":"Next button","type":"text","value":"Next"},"finish_button":{"title":"Finish button","type":"text","value":"Finish"},"label_align":{"title":"Label align","type":"select","value":"auto","options":["auto","left","center","right"]},"hide_label":{"title":"Hide Label","type":"checkbox","value":false,"keys":{"label":true,"label_align":true}},"name":{"type":"text","title":"Name","hide":true,"value":""},"page":{"hide":true,"value":1},"default":{"title":"Value","type":"text","value":"","hide":true},"header":{"title":"Edit Header","type":"ins_button"},"footer":{"title":"Edit Footer","type":"ins_button"},"sticky":{"title":"Sticky to footer","value":true},"hideFinish":{"title":"Hide finish button","value":false},"progress_indicator":{"title":"Show progress indicator","type":"checkbox","value":false},"pagebreak_path":{"title":"Show path","type":"checkbox","value":false},"condition":{"value":true},"skip_validations":{"title":"Skip validations","type":"checkbox","value":false},"disable_path_links":{"title":"Disable path links","type":"checkbox","value":false},"isSetOrder":true,"subIndex":1,"field_id":{"id":"fld59"},"styles":{"Container-1612871052788-949-57":{"options":{"top":841,"left":155,"width":600,"taborder":58,"hide":"on"},"container":{}}}},"isNew":true,"uid":"1612871052788-949-57","visible":"show","FieldTypeID":30,"FieldTypeName":"PageBreak","FieldTypeDescription":"an element that divides the form into pages","FieldTypeIsDataContainer":0,"FieldTypeIsForForm":1,"FieldTypeIsForReport":0,"FieldTypeConditionType":null,"FieldTypeIsBasic":0,"FieldTypeOrder":12,"FieldTypeIsLabelAssociated":0,"FieldTypeFormBuilderType":1,"FieldTypeReportBuilderType":null,"row":10,"storedSize":{"styles":{"width":1013,"height":57}},"hidePreview":true,"className":"PageBreak-1612871052788-949-57","classUID":"1612871052788-949-57","isNext":true},{"properties":{"label":{"title":"Label","type":"text","value":"Section","isHidden":{"top":false,"left":true,"right":true,"bottom":true}},"columns":{"type":"select","title":"Columns","value":2,"options":[1,2,3,4]},"section_rows":{"type":"select","title":"Rows","value":1,"options":[1,2,3,4,5,6,7,8,9,10]},"elements":{"hide":true,"value":[[[{"properties":{"image":{"title":"Default image","type":"imageupload","value":"","src":"https://d3255hq6rclyj1.cloudfront.net/2c5a89d925ccaa4bd7d96cabd2cf7891.jpg","width":870,"height":191,"hide":true},"_url":{"title":"Image HREF","type":"text","value":""},"_target":{"title":"HREF target","type":"select","value":"_self","options":["_blank","_parent","_self","_top"]},"showImageGallery":{"value":true},"width":{"title":"Width","value":null,"type":"text"},"height":{"title":"Height","value":null,"type":"text"},"rotation":{"title":"Rotation","value":0,"min":0,"step":1,"max":360},"img_tooltip":{"title":"Image Tip","type":"text","value":""},"align":{"title":"Image align","type":"select","value":"auto","options":["auto","left","center","right"]},"valuerule":{"value":true},"condition":{"value":true},"field_id":{"value":true,"id":"fld63"},"use_for_pdf":{"title":"Use for PDF","value":false},"keep_aspect_ratio":{"title":"Keep aspect ratio","value":false},"isSetOrder":true,"subIndex":2,"styles":{"Container-1612871063565-897-63":{"options":{"top":21,"left":248,"width":150,"taborder":17},"container":{}},"Image-1612871063565-897-63":{"element":{"font-family":"Verdana, Geneva, sans-serif","font-size":"16px","color":"rgba(97,97,97,1)","padding-left":"px","size":"custom","width":"232.97727272727275px","height":"51px","background-color":"","padding-top":"0px","padding-bottom":"0px","padding-right":"0px"},"container":{},"options":{"widthUnit":"px","heightUnit":"px"},"type":"GeneralElement"}},"onclick_action":{"title":"On click action","type":"checkbox","value":false}},"isNew":true,"visible":"show","FieldTypeID":23,"FieldTypeName":"Image","FieldTypeDescription":"image for esthetic purposes","FieldTypeIsDataContainer":0,"FieldTypeIsForForm":1,"FieldTypeIsForReport":1,"FieldTypeConditionType":null,"FieldTypeIsBasic":0,"FieldTypeOrder":11,"FieldTypeIsLabelAssociated":0,"FieldTypeFormBuilderType":0,"FieldTypeReportBuilderType":0,"row":10,"storedSize":{"styles":{"width":233,"height":51}},"className":"Image-1612871063565-897-63","classUID":"1612871063565-897-63","parentSectionUID":"1612871063565-890-62","hidePreview":false,"uid":"1612871063565-897-63"},{"properties":{"default":{"title":"Text","type":"text","value":"&"},"field_id":{"value":true,"id":"fld64"},"isSetOrder":true,"subIndex":2,"styles":{"Label-1612871063565-391-64":{"element":{"font-family":"Verdana, Geneva, sans-serif","font-size":"30px","color":"rgba(0,0,0,1)","size":"custom"},"container":{},"options":{"font-size":30,"fontUnit":"px","font":{"unit":"px"}},"type":"GeneralElement"},"Container-1612871063565-391-64":{"options":{"top":27,"left":503,"width":133,"taborder":18},"container":{}}},"user_tip":{"title":"User tip","type":"text","value":""},"autofocus":{"title":"Auto Focus","type":"checkbox","value":false},"force_LTR":{"title":"Force LTR text","type":"checkbox","value":false}},"isNew":true,"visible":"show","FieldTypeID":1,"FieldTypeName":"Label","FieldTypeDescription":"short text for description","FieldTypeIsDataContainer":0,"FieldTypeIsForForm":1,"FieldTypeIsForReport":1,"FieldTypeConditionType":null,"FieldTypeIsBasic":1,"FieldTypeOrder":1,"FieldTypeIsLabelAssociated":0,"FieldTypeFormBuilderType":0,"FieldTypeReportBuilderType":0,"row":10,"storedSize":{"styles":{"width":22,"height":42}},"parentSectionUID":"1612871063565-890-62","className":"Label-1612871063565-391-64","classUID":"1612871063565-391-64","hidePreview":false,"uid":"1612871063565-391-64"},{"properties":{"image":{"title":"Default image","type":"imageupload","value":"","src":"https://d3255hq6rclyj1.cloudfront.net/29939a1f75ccb098ef24eb5e8ecec04c.png","width":323,"height":229,"hide":true},"_url":{"title":"Image HREF","type":"text","value":""},"_target":{"title":"HREF target","type":"select","value":"_self","options":["_blank","_parent","_self","_top"]},"showImageGallery":{"value":true},"width":{"title":"Width","value":null,"type":"text"},"height":{"title":"Height","value":null,"type":"text"},"rotation":{"title":"Rotation","value":0,"min":0,"step":1,"max":360},"img_tooltip":{"title":"Image Tip","type":"text","value":""},"align":{"title":"Image align","type":"select","value":"auto","options":["auto","left","center","right"]},"valuerule":{"value":true},"condition":{"value":true},"field_id":{"value":true,"id":"fld65"},"use_for_pdf":{"title":"Use for PDF","value":false},"keep_aspect_ratio":{"title":"Keep aspect ratio","value":false},"isSetOrder":true,"subIndex":2,"styles":{"Container-1612871063565-154-65":{"options":{"top":12,"left":539,"width":150,"taborder":19},"container":{}},"Image-1612871063565-154-65":{"element":{"font-family":"Verdana, Geneva, sans-serif","font-size":"16px","color":"rgba(97,97,97,1)","padding-left":"px","size":"custom","width":"100px","height":"71px","padding-top":"0px","padding-bottom":"0px","padding-right":"0px","background":"#aN"},"container":{},"options":{"widthUnit":"px","heightUnit":"px"},"type":"GeneralElement"}},"onclick_action":{"title":"On click action","type":"checkbox","value":false}},"isNew":true,"visible":"show","FieldTypeID":23,"FieldTypeName":"Image","FieldTypeDescription":"image for esthetic purposes","FieldTypeIsDataContainer":0,"FieldTypeIsForForm":1,"FieldTypeIsForReport":1,"FieldTypeConditionType":null,"FieldTypeIsBasic":0,"FieldTypeOrder":11,"FieldTypeIsLabelAssociated":0,"FieldTypeFormBuilderType":0,"FieldTypeReportBuilderType":0,"row":10,"storedSize":{"styles":{"width":100,"height":71}},"className":"Image-1612871063565-154-65","classUID":"1612871063565-154-65","parentSectionUID":"1612871063565-890-62","hidePreview":false,"uid":"1612871063565-154-65"},{"properties":{"default":{"title":"Text","type":"text","value":"Create a Case"},"field_id":{"value":true,"id":"fld72"},"isSetOrder":true,"subIndex":2,"styles":{"Label-1612871268991-531-72":{"element":{"font-family":"Verdana, Geneva, sans-serif","font-size":"26px","color":"rgb(55,159,191)","size":"custom","text-decoration":"underline","font-weight":"bold !important"},"container":{},"options":{"font-size":26,"fontUnit":"px","font":{"unit":"px"},"text-decoration":true,"fontWeightBold":true},"type":"GeneralElement"},"Container-1612871268991-531-72":{"options":{"top":89,"left":348,"width":133,"taborder":20},"container":{}}},"user_tip":{"title":"User tip","type":"text","value":""},"autofocus":{"title":"Auto Focus","type":"checkbox","value":false},"force_LTR":{"title":"Force LTR text","type":"checkbox","value":false},"page":8},"isNew":true,"visible":"show","FieldTypeID":1,"FieldTypeName":"Label","FieldTypeDescription":"short text for description","FieldTypeIsDataContainer":0,"FieldTypeIsForForm":1,"FieldTypeIsForReport":1,"FieldTypeConditionType":null,"FieldTypeIsBasic":1,"FieldTypeOrder":1,"FieldTypeIsLabelAssociated":0,"FieldTypeFormBuilderType":0,"FieldTypeReportBuilderType":0,"row":10,"storedSize":{"styles":{"width":200,"height":37}},"className":"Label-1612871268991-531-72","classUID":"1612871268991-531-72","hidePreview":false,"uid":"1612871268991-531-72","page":2,"parentSectionUID":"1612871063565-890-62"}],[]]]},"repeat":{"title":"Repeated","type":"checkbox","value":false,"origin":true},"enable_tabs":{"title":"Enable Tabs","type":"checkbox","items":[],"value":false},"enable_collapse":{"title":"Enable Collapse","type":"checkbox","label":"Open section","expand":"+","collapse":"-","items":[],"value":false},"AddButtonText":{"title":"Add Button Text","type":"text","value":"Add"},"RemoveButtonText":{"title":"Remove Button Text","type":"text","value":"Remove"},"field_id":{"value":true,"id":"fld62"},"num_of_display":{"title":"Num of visible items","type":"text","value":1},"num_of_max_items":{"title":"Max items","type":"text","value":0},"space_between_sections":{"title":"Repeat margin","type":"number","value":30},"populate_items_tabs":{"title":"Populate items","type":"checkbox","items":[],"value":false},"show_item_number":{"title":"Show item number","type":"checkbox","items":[],"value":false},"show_label":{"title":"Show label","type":"checkbox","items":[],"value":false},"show_remove_last":{"title":"Show remove for last","type":"checkbox","items":[],"value":false},"update_origin_data":{"title":"Repeat with mapped data","type":"checkbox","items":[],"value":false},"infinite_scroll_mode":{"title":"Infinite scroll mode","type":"checkbox","items":[],"value":false},"overflow_scroll":{"title":"Overflow - scroll","type":"checkbox","value":false},"isSetOrder":true,"subIndex":1,"styles":{"Container-1612871063565-890-62":{"options":{"top":3,"left":0,"width":200,"taborder":16,"widthUnit":"px","heightUnit":"px"},"container":{"background-color":"rgba(240,240,240,0)","width":"1000px","size":"custom","height":"135px","background":"rgba(240,240,240,0)"},"element":{"width":"200px","height":"200px","size":"custom","background-color":"rgba(240,240,240,0)"}}},"page":2,"auto_size":{"title":"Auto-Sizing","type":"checkbox","value":false},"collapse_by_default":{"title":"Collapse by default","type":"checkbox","value":false},"force_LTR_label":{"title":"Force LTR text","type":"checkbox","value":false},"conditional_size":{"title":"Conditional size","type":"checkbox","value":false},"break_by":{"title":"Break by","type":"checkbox","value":false},"break_by_label":{"title":"Use Label of break by from","type":"checkbox","value":false},"section_map_tab_name":{"title":"Map Tab name to","type":"checkbox","value":false},"half_view":{"title":"Half view","type":"checkbox","value":false}},"isNew":true,"visible":"hide","FieldTypeID":29,"FieldTypeName":"Section","FieldTypeDescription":"like what we did + it got label, dont got mandatory..","FieldTypeIsDataContainer":0,"FieldTypeIsForForm":1,"FieldTypeIsForReport":0,"FieldTypeConditionType":null,"FieldTypeIsBasic":0,"FieldTypeOrder":11,"FieldTypeIsLabelAssociated":0,"FieldTypeFormBuilderType":1,"FieldTypeReportBuilderType":1,"row":10,"storedSize":{"styles":{"width":1000,"height":135}},"hidePreview":false,"className":"Section-1612871063565-890-62","uid":"1612871063565-890-62"},{"properties":{"placeholder_field":{"title":"Placeholder","value":"","type":"text"},"fieldtype":"list","label":{"title":"Label","type":"text","value":"Type","isHidden":{"top":false,"left":true,"right":true,"bottom":true}},"list":{"title":"Options","type":"listbox","items":[]},"is_random":{"title":"Randomize","type":"checkbox","value":false},"is_autocomplete":{"title":"Autocomplete","type":"checkbox","value":true},"is_mandatory":{"title":"Mandatory","type":"checkbox","value":false},"other":{"title":"Other","type":"checkbox","value":false},"add_other_dropdown":{"title":"Add Other","action":"add_other","label":"Other","textBoxValue":"","type":"checkbox","value":false,"showInput":false,"uid":"1612871377602-143-4"},"user_tip":{"title":"User tip","type":"text","value":""},"add_list_header":{"title":"Add list Header","action":"add_list_header","textbox_value":"Please Choose","type":"checkbox","value":false},"show_search_box":{"title":"Show search box","type":"checkbox","value":false},"import_load":{"title":"Import List","type":"button","value":false},"label_align":{"title":"Label align","type":"select","value":"auto","options":["auto","left","center","right"]},"hide_label":{"title":"Hide Label","type":"checkbox","value":false,"keys":{"label":true,"label_align":true}},"default":{"id":"dropdown","hide":true,"data":true},"ather_options":{"value":"","selected":false,"title":"Ather"},"dropdown":{"hide":true},"align":{"title":"ListBox align","type":"select","value":"auto","options":["auto","left","center","right"]},"admin_field_only":{"title":"Admin Field","type":"checkbox","value":false},"unique_value":{"title":"Unique value","type":"checkbox","value":false},"valuerule":{"value":true},"condition":{"value":true},"multiple":{"title":"Multiple selection","type":"checkbox","value":false},"dependent":{"title":"Dependent picklist","type":"checkbox","value":false},"navigation_mode":{"title":"Pagebreak nav. mode","type":"checkbox","value":false},"field_id":{"value":true,"id":"fld74"},"disallow_dynamic_items":{"title":"Disallow dyn. items","type":"checkbox","value":false},"load_custom_list":{"title":"Load Custom List","type":"checkbox","value":false},"listType":"simple","autofocus":{"title":"Auto Focus","type":"checkbox","value":false},"distinct_options":{"title":"Distinct options","type":"checkbox","value":false},"add_empty_item":{"title":"Add empty item","type":"checkbox","value":false},"set_default_from_salesforce":{"title":"Salesforce default","type":"checkbox","value":false},"isSetOrder":true,"page":2,"subIndex":4,"prepared":{"elements":[]},"styles":{"Container-1612871377602-93-73":{"options":{"top":176,"left":336,"width":250,"taborder":74},"container":{}}},"hide_valid_indicator":true,"hide_error_indicator":true,"enabledFloatingLabel":false},"isNew":true,"uid":"1612871377602-93-73","visible":"hide","FieldTypeID":6,"FieldTypeName":"DropDown","FieldTypeDescription":"a list of multiple choices that allow choosing only one choice","FieldTypeIsDataContainer":1,"FieldTypeIsForForm":1,"FieldTypeIsForReport":0,"FieldTypeConditionType":4,"FieldTypeIsBasic":1,"FieldTypeOrder":7,"FieldTypeIsLabelAssociated":1,"FieldTypeFormBuilderType":0,"FieldTypeReportBuilderType":null,"row":12,"storedSize":{"styles":{"width":250,"height":62}},"hidePreview":false,"className":"DropDown-1612871377602-93-73","classUID":"1612871377602-93-73"},{"properties":{"placeholder_field":{"title":"Placeholder","value":"","type":"text"},"fieldtype":"list","label":{"title":"Label","type":"text","value":"Reason","isHidden":{"top":false,"left":true,"right":true,"bottom":true}},"list":{"title":"Options","type":"listbox","items":[]},"is_random":{"title":"Randomize","type":"checkbox","value":false},"is_autocomplete":{"title":"Autocomplete","type":"checkbox","value":true},"is_mandatory":{"title":"Mandatory","type":"checkbox","value":false},"other":{"title":"Other","type":"checkbox","value":false},"add_other_dropdown":{"title":"Add Other","action":"add_other","label":"Other","textBoxValue":"","type":"checkbox","value":false,"showInput":false,"uid":"1612871452016-852-4"},"user_tip":{"title":"User tip","type":"text","value":""},"add_list_header":{"title":"Add list Header","action":"add_list_header","textbox_value":"Please Choose","type":"checkbox","value":false},"show_search_box":{"title":"Show search box","type":"checkbox","value":false},"import_load":{"title":"Import List","type":"button","value":false},"label_align":{"title":"Label align","type":"select","value":"auto","options":["auto","left","center","right"]},"hide_label":{"title":"Hide Label","type":"checkbox","value":false,"keys":{"label":true,"label_align":true}},"default":{"id":"dropdown","hide":true,"data":true},"ather_options":{"value":"","selected":false,"title":"Ather"},"dropdown":{"hide":true},"align":{"title":"ListBox align","type":"select","value":"auto","options":["auto","left","center","right"]},"admin_field_only":{"title":"Admin Field","type":"checkbox","value":false},"unique_value":{"title":"Unique value","type":"checkbox","value":false},"valuerule":{"value":true},"condition":{"value":true},"multiple":{"title":"Multiple selection","type":"checkbox","value":false},"dependent":{"title":"Dependent picklist","type":"checkbox","value":false},"navigation_mode":{"title":"Pagebreak nav. mode","type":"checkbox","value":false},"field_id":{"value":true,"id":"fld75"},"disallow_dynamic_items":{"title":"Disallow dyn. items","type":"checkbox","value":false},"load_custom_list":{"title":"Load Custom List","type":"checkbox","value":false},"listType":"simple","autofocus":{"title":"Auto Focus","type":"checkbox","value":false},"distinct_options":{"title":"Distinct options","type":"checkbox","value":false},"add_empty_item":{"title":"Add empty item","type":"checkbox","value":false},"set_default_from_salesforce":{"title":"Salesforce default","type":"checkbox","value":false},"isSetOrder":true,"page":2,"subIndex":4,"prepared":{"elements":[]},"styles":{"Container-1612871452015-763-74":{"options":{"top":251,"left":336,"width":250,"taborder":75,"zindex":12},"container":{}}},"hide_error_indicator":true,"hide_valid_indicator":true,"enabledFloatingLabel":false},"isNew":true,"uid":"1612871452015-763-74","visible":"hide","FieldTypeID":6,"FieldTypeName":"DropDown","FieldTypeDescription":"a list of multiple choices that allow choosing only one choice","FieldTypeIsDataContainer":1,"FieldTypeIsForForm":1,"FieldTypeIsForReport":0,"FieldTypeConditionType":4,"FieldTypeIsBasic":1,"FieldTypeOrder":7,"FieldTypeIsLabelAssociated":1,"FieldTypeFormBuilderType":0,"FieldTypeReportBuilderType":null,"row":12,"storedSize":{"styles":{"width":250,"height":62}},"hidePreview":false,"className":"DropDown-1612871452015-763-74","classUID":"1612871452015-763-74"},{"properties":{"fieldtype":"string","label":{"title":"Label","type":"text","value":"Description","isHidden":{"top":false,"left":true,"right":true,"bottom":true}},"width":{"title":"Width","type":"text","value":"10","hide":true},"height":{"title":"Height","type":"text","value":"10","hide":true},"default":{"id":"textarea","title":"Default value","type":"text","value":"","data":true,"hide":false},"placeholder_field":{"title":"Placeholder","type":"text","value":""},"is_mandatory":{"title":"Mandatory","type":"checkbox","value":false},"user_tip":{"title":"User tip","type":"text","value":""},"admin_field_only":{"title":"Admin Field","type":"checkbox","value":false},"unique_value":{"title":"Unique value","type":"checkbox","value":false},"limit_chars":{"title":"Maximum Length","type":"text"},"valuerule":{"value":true},"condition":{"value":true},"field_id":{"value":true,"id":"fld76"},"autofocus":{"title":"Auto Focus","type":"checkbox","value":false},"decode_special_chars":{"title":"Decode special chars","type":"checkbox","value":false},"isSetOrder":true,"page":2,"subIndex":1,"styles":{"Container-1612871506125-584-75":{"options":{"top":328,"left":336,"width":250,"taborder":76},"container":{}}},"enabledFloatingLabel":false},"isNew":true,"uid":"1612871506125-584-75","visible":"hide","FieldTypeID":3,"FieldTypeName":"TextArea","FieldTypeDescription":"multi-line input box for entering a larger amount of data","FieldTypeIsDataContainer":1,"FieldTypeIsForForm":1,"FieldTypeIsForReport":0,"FieldTypeConditionType":1,"FieldTypeIsBasic":1,"FieldTypeOrder":5,"FieldTypeIsLabelAssociated":1,"FieldTypeFormBuilderType":0,"FieldTypeReportBuilderType":null,"row":12,"storedSize":{"styles":{"width":250,"height":148}},"hidePreview":false,"className":"TextArea-1612871506125-584-75","classUID":"1612871506125-584-75"},{"properties":{"type":{"title":"Button Type:","type":"select","value":"submit","options":["submit","reset","print","draft","dummy","Salesforce Action","Visual Composer","Go Prev","Go Next","Go to page","Reset signature","Modal signature","Condition","SmartV Logout","Redirect","SSO Logout","XML Parser","Twilio","Close Twilio","Refresh Location","Barcode Scanner"]},"align":{"title":"Button align","type":"select","value":"auto","options":["auto","left","center","right"]},"user_tip":{"title":"User tip","type":"text","value":""},"img_btn_url":{"title":"Choose BackGround Image","type":"imageBackground","value":"","src":""},"default":{"title":"Button text","type":"text","value":"Submit"},"admin_field_only":{"title":"Admin Field","type":"checkbox","value":false},"unique_value":{"title":"Unique value","type":"checkbox","value":false},"confirmation_mode":{"title":"Confirmation mode","type":"checkbox","value":false},"onclick_action":{"title":"On click action","type":"checkbox","value":false},"prop_disabled":{"value":true},"field_id":{"value":true,"id":"fld77"},"isSetOrder":true,"page":2,"subIndex":2,"styles":{"Button-1612871559015-339-77":{"element":{"font-family":"Verdana, Geneva, sans-serif","font-size":"16px","color":"rgba(0,0,0,1)","size":"custom","width":"250px","height":"40px","border-style":"solid","border-width":"1px","border-color":"rgba(184,178,178,1)","border-radius":"6px","background":"#11dde6","background-color":"rgba(17,221,230,1)"},"container":{},"options":{"font-size":16,"fontUnit":"px","font":{"unit":"px"}},"type":"GeneralElement","label":{}},"Container-1612871559015-339-77":{"options":{"top":508,"left":336,"width":250,"taborder":70},"container":{}}}},"isNew":true,"visible":"hide","FieldTypeID":20,"FieldTypeName":"Button","FieldTypeDescription":"a press-able item for submitting the form, clearing it or printing","FieldTypeIsDataContainer":0,"FieldTypeIsForForm":1,"FieldTypeIsForReport":0,"FieldTypeConditionType":null,"FieldTypeIsBasic":0,"FieldTypeOrder":14,"FieldTypeIsLabelAssociated":0,"FieldTypeFormBuilderType":0,"FieldTypeReportBuilderType":null,"subtype":"CustomButton","row":6,"storedSize":{"styles":{"width":250,"height":40}},"className":"Button-1612871559015-339-77","classUID":"1612871559015-339-77","uid":"1612871559015-339-77","hidePreview":false},{"properties":{"label":{"title":"Label","type":"text","value":"Page","isHidden":{"top":false,"left":true,"right":true,"bottom":true}},"pager_text":{"title":"Pager text","type":"text","value":"Page"},"back_button":{"title":"Back button","type":"text","value":"Back"},"next_button":{"title":"Next button","type":"text","value":"Next"},"finish_button":{"title":"Finish button","type":"text","value":"Finish"},"label_align":{"title":"Label align","type":"select","value":"auto","options":["auto","left","center","right"]},"hide_label":{"title":"Hide Label","type":"checkbox","value":false,"keys":{"label":true,"label_align":true}},"name":{"type":"text","title":"Name","hide":true,"value":""},"page":{"hide":true,"value":2},"default":{"title":"Value","type":"text","value":"","hide":true},"header":{"title":"Edit Header","type":"ins_button"},"footer":{"title":"Edit Footer","type":"ins_button"},"sticky":{"title":"Sticky to footer","value":true},"hideFinish":{"title":"Hide finish button","value":false},"progress_indicator":{"title":"Show progress indicator","type":"checkbox","value":false},"pagebreak_path":{"title":"Show path","type":"checkbox","value":false},"condition":{"value":true},"skip_validations":{"title":"Skip validations","type":"checkbox","value":false},"disable_path_links":{"title":"Disable path links","type":"checkbox","value":false},"isSetOrder":true,"field_id":{"id":"fld60"},"styles":{"Container-1612871056987-539-60":{"options":{"top":841,"left":155,"width":600,"taborder":58,"hide":"on"},"container":{}}}},"isNew":true,"visible":"hide","FieldTypeID":30,"FieldTypeName":"PageBreak","FieldTypeDescription":"an element that divides the form into pages","FieldTypeIsDataContainer":0,"FieldTypeIsForForm":1,"FieldTypeIsForReport":0,"FieldTypeConditionType":null,"FieldTypeIsBasic":0,"FieldTypeOrder":12,"FieldTypeIsLabelAssociated":0,"FieldTypeFormBuilderType":1,"FieldTypeReportBuilderType":null,"row":10,"storedSize":{"styles":{"width":998,"height":57}},"hidePreview":true,"className":"PageBreak-1612871056987-539-60","classUID":"1612871056987-539-60","isNext":false,"uid":"1612871056987-539-60"}],[],[],[]],"customEmailToFormOwner":{"isCustomEmailToFormOwner":false,"expression":"","expression_text":""},"additionalEmails":false,"customEmailFormat":{"isCustomEmail":false,"expression":"","expression_text":""},"isReplyToEmail":false,"replyToEmail":"","additionalEmailsList":"","additional_mails":"","custom_mail_format":"","redirect_url":"","redirectToUrl":false,"confirmation_text":"Thank you","confirmationText":true,"form_time_zone":2,"auto_translation":false,"delete_button_with_confirmation":"","user_notice":false,"unique_submission":false,"quota_limit":false,"quota_limit_count":0,"availableDateFrom":"2019-01-24T11:45:37.479Z","availableDateTo":"2019-01-24T11:45:37.479Z","availableFromTo":false,"disable":false,"acceleration":false,"chats":false,"heatmap":false,"randomize":false,"save2db":false,"autotranslate":false,"google_prediction":false,"geo_ip":false,"abTestingEnable":false,"typeOfForm":-1,"rules":[],"valueRule":[],"validIndicator":true,"errorIndicator":true,"dontSaveData":false,"generateBarCode":false,"usability":false,"seo":{"title":"","description":"","keywords":""},"submit":{"value":"Submit Form"},"securedLogo":false,"autocorrectForMobile":false,"customSubject":{"expression":null,"expression_text":null,"showEditor":false},"customHeader":{"expression":null,"expression_text":null,"showEditor":false},"customFooter":{"expression":null,"expression_text":null,"showEditor":false},"direction":{"isChecked":false,"value":"ltr"},"styles":{"Form":{"element":{"options":{"margin-left":0,"margin-right":0,"margin-top":"10px","margin-bottom":0},"box-shadow":"","snapToGrid":false,"font-family":"Verdana, Geneva, sans-serif","color":"rgba(10,0,0,1)","background-color":"rgba(255,255,255,1)","size":"custom","width":"1015px","display":"block","border-style":"none","height":"792px","drag_x":"40","drag_y":"40","background":"#ffffff"},"options":{"isImage":false,"defaultImgObj":[],"shadowBox":"10px 20px 30px ","widthUnit":"px","heightUnit":"px","asterix":{"color":""}},"container":{"text-align":"center"}},"Page":{"element":{"background":"rgb(169,180,196)","background-color":"rgb(169,180,196)"},"container":{},"options":{"font":{"unit":"px"}}}},"panelSettings":{"toolbar":{"isHide":true}},"PageBreak":{"header":"","footer":""},"ver":2,"abTestingConfig":{"forms":[]},"footer":{"elements":[{"FieldTypeName":"Button","properties":{"type":{"title":"Button Type:","type":"select","value":"submit","options":["submit","reset","print","draft","dummy","Salesforce Action","Visual Composer","Go Prev","Go Next","Go to page","Reset signature","Condition","SmartV Logout","Redirect"]},"align":{"title":"Button align","type":"select","value":"auto","options":["auto","left","center","right"]},"user_tip":{"title":"User tip","type":"text","value":""},"img_btn_url":{"title":"Choose BackGround Image","type":"imageBackground","value":"","src":""},"default":{"title":"Button text","type":"text","value":"Submit"},"admin_field_only":{"title":"Admin Field","type":"checkbox","value":false},"unique_value":{"title":"Unique value","type":"checkbox","value":false},"confirmation_mode":{"title":"Confirmation mode","type":"checkbox","value":false},"onclick_action":{"title":"On click action","type":"checkbox","value":false},"prop_disabled":{"value":true},"field_id":{"value":true}}}],"sortableOptions":{"connectWith":".elements-list","placeholder":"placeholder-element","handle":".formElementHandle,#moveElement,.form-element","appendTo":"body","revert":"invalid","revertDuration":800,"scroll":false,"cursor":"move","delay":150}},"testing":{"list":[{"value":0,"label":"item1"},{"value":1,"label":"item2"}]},"analytics":{"viewID":""},"personalization":{"language":{"code":"en","name":"English","nativeName":"English"},"timezone":{},"geolocation":false,"submitMsg":"Submitting your form ...","showOptionalLabel":{"value":false,"label":"(Optional)"},"showMandatoryExplanation":{"value":false,"text":"* is mandatory field"}},"autofilter":false,"currentDevice":"Desktop","pagerCount":2,"ruller":{"leftLines":{},"topLines":{}},"ThemeID":511912,"id":"1046612","fillIntegration":{"salesforce":{"permissions":true,"platform":"prod","sfListActions":[{"anyMatch":"skip","childrens":[],"customSkipMessage":"Skipped ...","isCacheMetadata":true,"isChild":false,"isMapped":true,"isSFGetIntegration":true,"loadPickList":true,"loadingMessage":"Loading...","comment":"Load picklist","multiMatchs":"first","platform":"prod","processOnload":true,"references":{},"showLoadingMessage":true,"sobject":"Case","sobjectLabel":"Case","uid":"1612871421652-994-74","gridFields":{"1612871377602-93-73":"Type","1612871452015-763-74":"Reason"}},{"multiMatchs":"first","anyMatch":"skip","gridFields":{"1612871135313-119-66":"FirstName","1612871142899-528-68":"LastName","1612871152552-33-69":"Email"},"uid":"1612871586390-871-275","showLoadingMessage":true,"loadingMessage":"Loading...","customSkipMessage":"Skipped ...","isSFGetIntegration":true,"platform":"prod","references":{},"customMapping":{},"isMapped":true,"sobject":"Contact","sobjectLabel":"Contact","updateCondition":[{"conditions":[{"name":"Id","conditionType":"string","operator":"equals","uid":"1612871181259-490-70"}]}],"comment":"get contact by id","childrens":[]}]}},"pushNotify":{"items":{"fileSharing":{"googleDocs":{"id":1,"filePath":"","filePrefix":"","type":"googledoc","enabled":null},"googleSpreadsheet":{"id":1,"fileName":"","filePath":"","filePrefix":"","fileSheet":"","gridFields":{},"type":"googlespreadsheet","storePlace":0,"rows":26,"enabled":null},"googleDrive":{"id":1,"filePath":"","type":"googleDrive","enabled":null},"googleCalendar":{"id":4,"type":"googleCalendar","enabled":null,"attendee":"","startDateTime":"","endDateTime":"","summary":"","description":""},"outlookCalendar":{"id":5,"type":"outlookCalendar","enabled":null,"attendee":"","startDateTime":"","endDateTime":"","summary":"","description":""},"outlookContact":{"id":6,"type":"outlookContact","enabled":null,"gridFields":{}},"dropbox":{"id":2,"filePath":"","filePrefix":"","enabled":null},"boxnet":{"id":3,"filePath":"","filePrefix":"","enabled":null},"onedrive":{"id":7,"filePath":"","filePrefix":"","enabled":null},"ftp":{"auth":{},"id":8,"filePath":"","filePrefix":"","enabled":null},"ccda":{"id":9,"mapping":{},"enabled":null},"sfMerge":{"id":10,"enabled":null},"sfLoader":{"id":12,"enabled":true,"file":"1600365978543-727-41","sfObject":"Case","ignoreHeader":true,"mapping":[{"name":"Origin","label":"Case Origin","mapField":"csv-col","colIndex":1},{"name":"Priority","label":"Priority","mapField":"csv-col","colIndex":2},{"name":"Status","label":"Status","mapField":"csv-col","colIndex":3},{"name":"Subject","label":"Subject","mapField":"csv-col","colIndex":4},{"name":"AccountId","label":"Account ID","mapField":"1600366266086-923-44"},{"name":"RecordTypeId","label":"Record Type ID","mapField":"1600366248773-592-43"}]},"amazonS3":{"id":11,"enabled":null}},"crm":{"salesforce":{"id":1,"enabled":true,"gridFields":{},"mapping":{"formFields":[],"crmFields":[]},"sfListActions":[{"action":"update","gridFields":{"LastName":"1612871142899-528-68","FirstName":"1612871135313-119-66","Email":"1612871152552-33-69"},"uid":"1612871673165-71-410","platform":"prod","loadingMessage":"Saving....","isMapped":true,"sobject":"Contact","InsteadEmpty":{},"sobjectLabel":"Contact","updateCondition":[{"conditions":[{"name":"Id","conditionType":"string","operator":"equals","uid":"1612871181259-490-70"}]}],"comment":"update the contact","anyMatch":"skip","multiMatchs":"first","recordIdMode":true,"fieldTypes":{"LastName":"string","FirstName":"string","Email":"string"},"childrens":[],"disableDefaultPushOrder":false,"isParentPayment":false,"isChild":false,"forButton":true,"showLoadingMessage":true},{"action":"create","gridFields":{"Reason":"adv-value-1612871452015-763-74","Type":"adv-value-1612871377602-93-73","Description":"1612871506125-584-75","ContactId":"1612871181259-490-70"},"uid":"1612871758881-611-841","platform":"prod","loadingMessage":"Saving....","isMapped":true,"sobject":"Case","InsteadEmpty":{},"sobjectLabel":"Case","comment":"create case on submit","fieldTypes":{"ContactId":"string","Type":"string","Reason":"string","Description":"string"},"childrens":[],"disableDefaultPushOrder":false,"isParentPayment":false,"isChild":false}],"platform":"prod"},"dynamiccrm":{"id":7,"enabled":null,"gridFields":{},"mapping":{"formFields":[],"crmFields":[]},"crmListActions":[]},"solve360":{"id":2,"api":{},"segment":"","gridFields":{},"mapping":{"formFields":[],"crmFields":[]},"enabled":null},"zoho":{"id":3,"_module":"","gridFields":{},"mapping":{"formFields":[],"crmFields":[]},"enabled":null},"clinchpad":{"id":4,"segment":"","pipeline":"","lead":"","mapping":{"formFields":[],"crmFields":[]},"enabled":null},"webhook":{"id":5,"customURL":"","basicAuth":false,"user":"","password":"","enabled":null},"zapier":{"id":6,"customURL":"","enabled":null},"twilio":{"id":7,"enabled":null},"allscripts":{"id":8,"enabled":null},"nextgen":{"id":9,"enabled":null},"globalsign":{"id":10,"enabled":null},"samlsso":{"id":11,"enabled":null}},"newsLetter":{"constantContact":{"id":1,"enabled":null,"contactLists":"","list":"","gridFields":{},"mapping":{"formFields":[],"crmFields":[]}},"mailChimp":{"id":2,"enabled":null,"contactLists":"","list":"","gridFields":{},"mapping":{"formFields":[],"crmFields":[]}},"verticalResponse":{"id":3,"enabled":null,"list":"","gridFields":{},"mapping":{"formFields":[],"crmFields":[]}},"googleContact":{"id":4,"enabled":null,"group":"","gridFields":{}}},"socialmedia":{"twitter":{"id":1,"enabled":null,"data":{"content":{"text":"","expression":""}}},"facebook":{"id":2,"enabled":null,"data":{"content":{"text":"","expression":""}}},"wordpress":{"id":3,"enabled":null,"data":{"title":{"text":"","expression":""},"content":{"text":"","expression":""}}},"google":{"id":4,"enabled":null,"data":{"content":{"text":"","expression":""}}},"gemini":{"id":5,"enabled":null,"auth":{"apiURL":"","isAuth":false}},"radiusbob":{"id":6,"enabled":null,"auth":{"isAuth":false,"encrypted":false},"gridFields":{}}}},"count":2},"croNotifycation":{"cro":28,"isNotify":false},"isValidRule":0,"ownrUrlExtension":"yoursubdomain","selectedFieldTypesList":{},"formUrlExtension":"ftdc52068f1621885227912_copy","isSFAuthToken":false,"debug_mode":{"showHiddenFields":false},"enabledVersions":true,"titanSignSettings":{"enabled":true,"recordID":"1600803655333-552-54","templateID":"5f6a475a36a8f437cfc75251"},"coBrowsing":true,"coBrowsingParams":{"sf":{"isEnabled":true,"sfObjectName":"Contact","recordID":"1612871181259-490-70","mapURLTo":"Co_browsing_url__c","mapCodeTo":"Co_browsing_passcode__c"},"allowEdit":true},"allowPostMessage":true,"postMessageSettings":{"params":{},"formSIzePostMessage":true,"allowDomain":"*"},"isCached":false,"isCachedHQImage":false,"formVersionSettings":{"isUseGit":true,"repo":"TITANRepo","branch":"main"}}